<?xml version="1.0" encoding="UTF-8" standalone="yes"?>
<addon id="plugin.video.Stalker_Portal" name="Stalker Portal" version="1.1+matrix" provider-name="Dasher">
    <requires>
        <import addon="xbmc.python"	version="3.0.0"/>
        <import addon="script.module.six" version="1.11.0"/>
        <import addon="script.module.requests" version="2.12.4"/>
        <import addon="script.module.inputstreamhelper" version="0.2.2" optional="true"/>
    </requires>
    <extension point="xbmc.python.pluginsource" library="resources/lib/default.py">
        <provides>video</provides>
    </extension>
    <extension point="xbmc.service" library="resources/lib/startup.py"/>
    <extension point="xbmc.python.module" library="resources/lib/"/>
    <extension point="xbmc.addon.metadata">
        <news>
[fix] my subscriptions section using YouTube RSS |contrib: PureHemp|
[fix] items per page settings on Kodi 19
[chg] recommendations only available for users with custom history playlist id configured
[chg] no longer show watch later unless custom watch later playlist is configured
[rem] remove usage of discontinued api and dual login (no longer required)
        </news>
        <assets>
            <icon>icon.png</icon>
            <fanart>fanart.jpg</fanart>
        </assets>
        <summary lang="en_GB">Plugin for Live Streaming</summary>
    </extension>
</addon>